,Species.False,Family,Batch,Pollinator,Pollen_collect_by_bee,H_sterol,Cholesterol,Desmosterol,X24Methylenecholesterol,Campesterol,Stigmasterol,Episterol,Sitosterol,Isofucosterol,Cycloartenol,Citrostradienol,Sitostanol,Campestanol,Cycloeucalenol,X31Norcycloartenol,X31Norcycloartanol,X2428MethyleneLophenol,X2428MethyleneCycloartanol,Pollinastanol,Schottenol,Lathosterol,X2425Dehydropollinastanol,Obtusifoliol,Epifungisterol,IsoObtusifoliol,X14MethylCholest8enol,Sum,Cholesterol.1,Desmosterol.1,X24Methylenecholesterol.1,Campesterol.1,Stigmasterol.1,Episterol.1,Sitosterol.1,Isofucosterol.1,Cycloartenol.1,Citrostradienol.1,Sitostanol.1,Campestanol.1,Cycloeucalenol.1,X31Norcycloartenol.1,X31Norcycloartanol.1,X2428MethyleneLophenol.1,X2428MethyleneCycloartanol.1,Pollinastanol.1,Schottenol.1,Lathosterol.1,X2425Dehydropollinastanol.1,Obtusifoliol.1,Epifungisterol.1,IsoObtusifoliol.1,X14MethylCholest8enol.1,Sum.1,Cholesterol.2,Desmosterol.2,X24Methylenecholesterol.2,Campesterol.2,Stigmasterol.2,Episterol.2,Sitosterol.2,Isofucosterol.2,Cycloartenol.2,Citrostradienol.2,Sitostanol.2,Campestanol.2,Cycloeucalenol.2,X31Norcycloartenol.2,X31Norcycloartanol.2,X2428MethyleneLophenol.2,X2428MethyleneCycloartanol.2,Pollinastanol.2,Schottenol.2,Lathosterol.2,X2425Dehydropollinastanol.2,Obtusifoliol.2,Epifungisterol.2,IsoObtusifoliol.2,X14MethylCholest8enol.2,Sum.2,Sum_C0,Sum_C1,Sum_C2,Sum_CSums,Sum_D0,Sum_D5,Sum_D7,Sum_D8,Sum_DeltaSums,DGrp
Achillea_millefolium,Achillea millefolium,Asteraceae,1st,Generalist_insect,Yes,0.243635453,0.263,0,0,0,0,0,0.068,0,0,0,0,0,0,0,0,0,0,0,0.669,0,0,0,0,0,0,1,0.117,0,0,0,0,0,0.046,0,0,0,0,0,0,0,0,0,0,0,0.39,0,0,0,0,0,0,0.553,0.004,0,0,0,0,0,0.002,0,0,0,0,0,0,0,0,0,0,0,0.013,0,0,0,0,0,0,0.019,0.263,0,0.737,1,0,0.331,0.669,0,1,Sum_D8
Achillea_ptarmica,Achillea ptarmica,Asteraceae,1st,Generalist_insect,Yes,0.279874248,0.068,0,0.002,0.005,0.004,0,0.197,0,0.021,0.005,0,0,0,0,0,0,0,0,0.698,0,0,0,0,0,0,1,0.035,0,0.002,0.004,0.003,0,0.165,0,0.018,0.004,0,0,0,0,0,0,0,0,0.554,0,0,0,0,0,0,0.784,NA,NA,NA,NA,NA,NA,NA,NA,NA,NA,NA,NA,NA,NA,NA,NA,NA,NA,NA,NA,NA,NA,NA,NA,NA,NA,0.089,0.007,0.904,1,0.021,0.276,0.703,0,1,Sum_D8
Alcea_nudiflora,Alcea nudiflora,Malvaceae,2nd,Bee,Unkown,0.411224378,0.015,0.071,0,0.167,0.293,0,0.437,0,0.01,0,0,0,0,0.001,0,0.001,0.003,0,0,0,0,0,0.001,0,0,1,0.038,0.182,0,0.427,0.746,0,1.114,0,0.025,0,0,0,0,0.002,0,0.003,0.009,0,0,0,0,0,0.002,0,0,2.548,0.034,0.164,0,0.384,0.672,0,1.003,0,0.023,0,0,0,0,0.002,0,0.003,0.008,0,0,0,0,0,0.001,0,0,2.293,0.097,0.172,0.73,0.999,0.014,0.983,0.002,0,0.999,Sum_D5
Alcea_rosea,Alcea rosea,Malvaceae,1st,Bee,No,0.512429413,0.01,0.385,0.028,0.018,0.005,0.001,0.191,0.087,0.112,0,0,0,0.163,0,0,0,0,0,0,0,0,0,0,0,0,1,0.022,0.846,0.06,0.04,0.011,0.001,0.423,0.191,0.245,0,0,0,0.356,0,0,0,0,0,0,0,0,0,0,0,0,2.195,NA,NA,NA,NA,NA,NA,NA,NA,NA,NA,NA,NA,NA,NA,NA,NA,NA,NA,NA,NA,NA,NA,NA,NA,NA,NA,0.507,0.21,0.283,1,0.275,0.724,0.001,0,1,Sum_D5
Aloe_lateritia,Aloe lateritia,Asphodelaceae,1st,Bird,No,0.348358999,0.001,0,0.064,0.065,0,0.679,0.06,0.074,0.057,0,0,0,0,0,0,0,0,0,0,0,0,0,0,0,0,1,0.011,0,0.597,0.613,0,6.379,0.565,0.697,0.536,0,0,0,0,0,0,0,0,0,0,0,0,0,0,0,0,9.398,0.012,0,0.677,0.695,0,7.23,0.641,0.789,0.607,0,0,0,0,0,0,0,0,0,0,0,0,0,0,0,0,10.651,0.058,0.808,0.134,1,0.057,0.264,0.679,0,1,Sum_D7
Aloe_perdita,Aloe perdita,Asphodelaceae,1st,Bird,No,0.362298654,0,0,0.079,0.06,0,0.654,0.052,0.093,0.062,0,0,0,0,0,0,0,0,0,0,0,0,0,0,0,0,1,0,0,0.421,0.323,0,3.501,0.276,0.501,0.334,0,0,0,0,0,0,0,0,0,0,0,0,0,0,0,0,5.355,0,0,0.231,0.177,0,1.925,0.152,0.275,0.184,0,0,0,0,0,0,0,0,0,0,0,0,0,0,0,0,2.945,0.062,0.793,0.145,1,0.062,0.284,0.654,0,1,Sum_D7
Aloe_vera,Aloe barbadensis,Asphodelaceae,1st,Bird,No,0.297050346,0,0,0.034,0.074,0,0.713,0.073,0.107,0,0,0,0,0,0,0,0,0,0,0,0,0,0,0,0,0,1,0,0,0.904,1.976,0,19.169,1.95,2.867,0,0,0,0,0,0,0,0,0,0,0,0,0,0,0,0,0,26.866,0,0,0.687,1.502,0,14.568,1.482,2.179,0,0,0,0,0,0,0,0,0,0,0,0,0,0,0,0,0,20.418,0,0.821,0.18,1.001,0,0.288,0.713,0,1.001,Sum_D7
Alyogyne_huegelii,Alyogyne huegelii,Malvaceae,2nd,Generalist_insect,Unkown,0.327903769,0.002,0,0.682,0.025,0.008,0.002,0.108,0.143,0.001,0,0,0,0,0.012,0,0,0,0.002,0,0,0.006,0,0.009,0,0,1,0.023,0,8.436,0.305,0.1,0.029,1.319,1.775,0.014,0,0.001,0.001,0,0.138,0.001,0.006,0,0.021,0,0,0.071,0,0.103,0.001,0,12.345,0.118,0,50.656,1.721,0.551,0.06,7.237,11.099,0.03,0,0.002,0.002,0,0.553,0.003,0.034,0,0.119,0,0,0.373,0,0.413,0.003,0,72.975,0.023,0.718,0.259,1,0.021,0.968,0.011,0,1,Sum_D5
Amaryllis_belladonna,Amaryllis belladonna,Amaryllidaceae,2nd,Lepidoptera,No,0.515349341,0.011,0,0.133,0.123,0.016,0.016,0.257,0.376,0.023,0,0,0,0,0.02,0,0,0,0.008,0.001,0,0,0,0.015,0,0,1,0.03,0,0.368,0.342,0.044,0.045,0.714,1.044,0.065,0,0,0,0,0.057,0,0.001,0,0.023,0.001,0,0,0,0.042,0,0,2.778,0.043,0,0.516,0.479,0.062,0.063,1,1.462,0.091,0,0,0,0,0.079,0,0.001,0,0.032,0.002,0,0,0,0.059,0,0,3.89,0.062,0.287,0.65,0.999,0.051,0.916,0.032,0,0.999,Sum_D5
Anthriscus_sylvestris,Anthriscus sylvestris,Apiaceae,1st,Generalist_insect,Yes,0.170994888,0,0,0,0.074,0.092,0,0.834,0,0,0,0,0,0,0,0,0,0,0,0,0,0,0,0,0,0,1,0,0,0,0.136,0.17,0,1.538,0,0,0,0,0,0,0,0,0,0,0,0,0,0,0,0,0,0,1.844,NA,NA,NA,NA,NA,NA,NA,NA,NA,NA,NA,NA,NA,NA,NA,NA,NA,NA,NA,NA,NA,NA,NA,NA,NA,NA,0,0.074,0.926,1,0,1,0,0,1,Sum_D5
Arbutus_unedo,Arbutus unedo,Ericaceae,2nd,Bee,Yes,0.485321093,0.009,0.001,0,0.027,0.002,0,0.527,0.078,0.028,0.065,0,0,0.001,0.034,0.001,0.002,0.001,0.002,0.183,0,0,0.004,0.026,0.001,0.005,1,0.032,0.004,0,0.098,0.009,0,1.89,0.282,0.099,0.234,0.001,0.001,0.003,0.122,0.004,0.008,0.005,0.006,0.655,0.001,0.002,0.015,0.094,0.003,0.018,3.585,NA,NA,NA,NA,NA,NA,NA,NA,NA,NA,NA,NA,NA,NA,NA,NA,NA,NA,NA,NA,NA,NA,NA,NA,NA,NA,0.08,0.062,0.855,0.997,0.067,0.644,0.277,0.009,0.997,Sum_D5
Baptisia_australis,Baptisia australis,Fabaceae,1st,Bee,Yes,0.190655013,0,0,0.678,0,0,0,0.322,0,0,0,0,0,0,0,0,0,0,0,0,0,0,0,0,0,0,1,0,0,1.532,0,0,0,0.727,0,0,0,0,0,0,0,0,0,0,0,0,0,0,0,0,0,0,2.259,NA,NA,NA,NA,NA,NA,NA,NA,NA,NA,NA,NA,NA,NA,NA,NA,NA,NA,NA,NA,NA,NA,NA,NA,NA,NA,0,0.678,0.322,1,0,1,0,0,1,Sum_D5
Brugmansia_X_candida,Brugmansia X candida,Solanaceae,2nd,Lepidoptera,No,0.430631234,0.001,0,0.417,0.048,0.003,0.036,0.088,0.369,0.008,0.004,0,0.001,0,0.007,0,0,0.001,0.002,0,0,0,0.003,0.005,0,0.003,1,0.008,0,2.748,0.318,0.019,0.241,0.582,2.435,0.053,0.025,0.001,0.005,0,0.047,0.003,0.001,0.009,0.014,0.002,0,0,0.023,0.037,0.002,0.021,6.59,0.245,0,82.453,9.533,0.582,7.216,17.457,73.039,1.58,0.739,0.031,0.139,0.005,1.407,0.078,0.019,0.275,0.406,0.049,0,0,0.681,1.092,0.051,0.621,197.697,0.021,0.511,0.464,0.996,0.019,0.926,0.045,0.006,0.996,Sum_D5
Brunfelsia_jamaicensis,Brunfelsia jamaicensis,Solanaceae,2nd,Lepidoptera,No,0.472167885,0.016,0,0.167,0.152,0.038,0,0.146,0.451,0,0.019,0,0.005,0,0.002,0,0.001,0,0,0.002,0,0,0,0.001,0,0,1,0.023,0,0.239,0.218,0.054,0,0.209,0.646,0,0.027,0,0.007,0,0.003,0,0.001,0,0,0.002,0,0,0,0.002,0,0,1.431,0.021,0,0.215,0.196,0.049,0,0.188,0.582,0,0.025,0,0.006,0,0.002,0,0.001,0,0,0.002,0,0,0,0.002,0,0,1.288,0.018,0.326,0.656,1,0.007,0.97,0.023,0,1,Sum_D5
Bryonia_dioica,Bryonia dioica,Cucurbitaceae,1st,Bee,Yes,0.375507358,0,0,0,0,0,0.019,0,0,0.52,0.007,0,0,0,0.122,0,0.065,0.269,0,0,0,0,0,0,0,0,1,0,0,0,0,0,0.125,0,0,3.497,0.044,0,0,0,0.817,0,0.435,1.807,0,0,0,0,0,0,0,0,6.725,0,0,0,0,0,0.069,0,0,1.923,0.024,0,0,0,0.45,0,0.239,0.994,0,0,0,0,0,0,0,0,3.699,0.642,0.353,0.007,1.002,0.911,0,0.091,0,1.002,Sum_D0
Buddleja_davidii,Buddleja davidii,Scrophulariaceae,1st,Butterfly,No,0.213085555,0.015,0.835,0.061,0.002,0.014,0,0.01,0.058,0.007,0,0,0,0,0,0,0,0,0,0,0,0,0,0,0,0,1,0.091,5.11,0.369,0.012,0.086,0,0.059,0.353,0.041,0,0,0,0,0,0,0,0,0,0,0,0,0,0,0,0,6.119,0.004,0.227,0.016,0.001,0.004,0,0.003,0.016,0.002,0,0,0,0,0,0,0,0,0,0,0,0,0,0,0,0,0.271,0.857,0.063,0.082,1.002,0.007,0.995,0,0,1.002,Sum_D5
Callianthe_picta,Abutilon pictum,Malvaceae,2nd,Bird,No,0.495462455,0.002,0.26,0.326,0.008,0.01,0.003,0.109,0.227,0.033,0.002,0,0,0,0.001,0.007,0,0.008,0,0,0.002,0,0,0.001,0,0,1,0.018,2.367,2.967,0.075,0.087,0.031,0.991,2.063,0.298,0.016,0.002,0.001,0.001,0.007,0.062,0.004,0.07,0.002,0.002,0.019,0,0.004,0.005,0,0,9.092,0.163,21.838,27.254,0.692,0.799,0.279,8.439,19.062,2.73,0.15,0.014,0.007,0.005,0.069,0.55,0.036,0.633,0.017,0.025,0.186,0,0.032,0.052,0.001,0.003,83.039,0.305,0.346,0.348,0.999,0.049,0.944,0.006,0,0.999,Sum_D5
Calluna_vulgaris,Calluna vulgaris ,Ericaceae,1st,Generalist_insect,Yes,0.276972422,0.007,0,0,0.01,0,0,0.713,0.182,0.003,0.031,0,0,0,0,0,0,0,0,0.053,0,0,0,0,0,0,1,0.026,0,0,0.043,0,0,2.98,0.765,0.016,0.134,0,0,0,0,0,0,0,0,0.238,0,0,0,0,0,0,4.202,NA,NA,NA,NA,NA,NA,NA,NA,NA,NA,NA,NA,NA,NA,NA,NA,NA,NA,NA,NA,NA,NA,NA,NA,NA,NA,0.01,0.01,0.979,0.999,0.003,0.912,0.084,0,0.999,Sum_D5
Calystegia,Calystegia,Convolvulaceae,1st,Generalist_insect,Yes,0.339954507,0.016,0,0.531,0.009,0,0,0.048,0.339,0.057,0,0,0,0,0,0,0,0,0,0,0,0,0,0,0,0,1,0.047,0,1.544,0.025,0,0,0.141,0.987,0.165,0,0,0,0,0,0,0,0,0,0,0,0,0,0,0,0,2.909,NA,NA,NA,NA,NA,NA,NA,NA,NA,NA,NA,NA,NA,NA,NA,NA,NA,NA,NA,NA,NA,NA,NA,NA,NA,NA,0.073,0.54,0.387,1,0.057,0.943,0,0,1,Sum_D5
Camellia_sinensis,Camellia sinensis,Theaceae,2nd,Generalist_insect,Yes,0.57237678,0.004,0,0.018,0.001,0,0.006,0.005,0.004,0.174,0.09,0,0,0.001,0.115,0.005,0.028,0.015,0.009,0.417,0.003,0.004,0.004,0.091,0.006,0,1,0.012,0,0.046,0.003,0,0.015,0.013,0.01,0.448,0.23,0.001,0.001,0.003,0.299,0.01,0.072,0.039,0.023,1.079,0.007,0.01,0.01,0.236,0.015,0.001,2.585,NA,NA,NA,NA,NA,NA,NA,NA,NA,NA,NA,NA,NA,NA,NA,NA,NA,NA,NA,NA,NA,NA,NA,NA,NA,NA,0.314,0.17,0.516,1,0.323,0.035,0.638,0.004,1,Sum_D7
Campanula_fragilis,Campanula fragilis sub cavolinii,Campanulaceae,2nd,Bee,Yes,0.580962381,0.002,0.011,0.053,0.025,0.007,0.026,0.075,0,0.37,0.059,0.005,0.004,0.003,0.013,0.033,0,0.012,0.001,0.006,0,0,0.283,0.01,0.001,0.001,1,0.012,0.055,0.263,0.122,0.033,0.13,0.371,0,1.831,0.291,0.022,0.018,0.013,0.063,0.163,0.002,0.062,0.006,0.032,0,0,1.403,0.05,0.004,0.005,4.95,0.011,0.047,0.226,0.105,0.028,0.112,0.319,0,1.574,0.25,0.019,0.016,0.011,0.054,0.14,0.001,0.053,0.005,0.027,0,0,1.207,0.043,0.003,0.004,4.257,0.431,0.417,0.152,1,0.441,0.173,0.102,0.284,1,None
Campanula_isophylla,Campanula isophylla,Campanulaceae,2nd,Bee,Yes,0.5416773,0.002,0,0.051,0.018,0.005,0.021,0.054,0,0.316,0.132,0.003,0.007,0,0.007,0.026,0,0.003,0,0.01,0,0,0.338,0.006,0.001,0,1,0.008,0,0.182,0.065,0.017,0.075,0.193,0,1.128,0.47,0.011,0.024,0.002,0.026,0.093,0,0.012,0,0.035,0,0,1.206,0.021,0.002,0.001,3.572,0.009,0,0.206,0.074,0.019,0.085,0.218,0,1.278,0.533,0.013,0.027,0.002,0.029,0.106,0,0.014,0,0.039,0,0,1.367,0.024,0.002,0.002,4.048,0.351,0.445,0.204,1,0.362,0.13,0.17,0.338,1,Sum_D7
Canna_indica,Canna indica,Cannaceae,2nd,Bird,No,0.427376165,0.002,0,0.396,0.052,0.035,0.01,0.087,0.39,0.01,0.002,0,0,0,0.004,0,0,0.004,0,0,0,0,0.002,0.003,0,0,1,0.015,0,2.899,0.379,0.256,0.075,0.64,2.856,0.072,0.015,0.002,0,0.002,0.033,0.001,0.003,0.028,0,0,0,0,0.014,0.024,0,0,7.313,0.032,0,6.088,0.796,0.539,0.157,1.343,5.997,0.151,0.031,0.004,0,0.004,0.069,0.001,0.006,0.059,0,0,0,0,0.029,0.051,0,0,15.357,0.016,0.467,0.514,0.997,0.018,0.962,0.015,0.002,0.997,Sum_D5
Castanea_sativa,Castanea sativa,Fagaceae,1st,Generalist_insect,Yes,0.286855958,0.041,0,0,0.158,0,0,0.677,0,0.124,0,0,0,0,0,0,0,0,0,0,0,0,0,0,0,0,1,0.086,0,0,0.333,0,0,1.427,0,0.262,0,0,0,0,0,0,0,0,0,0,0,0,0,0,0,0,2.108,NA,NA,NA,NA,NA,NA,NA,NA,NA,NA,NA,NA,NA,NA,NA,NA,NA,NA,NA,NA,NA,NA,NA,NA,NA,NA,0.165,0.158,0.677,1,0.124,0.876,0,0,1,Sum_D5
Catalpa_bignonioides,Catalpa bignonioides,Bignoniaceae,1st,Generalist_insect,Unkown,0.293825018,0.022,0,0.061,0.022,0,0,0.147,0.718,0.032,0,0,0,0,0,0,0,0,0,0,0,0,0,0,0,0,1,0.078,0,0.219,0.078,0,0,0.529,2.588,0.115,0,0,0,0,0,0,0,0,0,0,0,0,0,0,0,0,3.607,NA,NA,NA,NA,NA,NA,NA,NA,NA,NA,NA,NA,NA,NA,NA,NA,NA,NA,NA,NA,NA,NA,NA,NA,NA,NA,0.054,0.083,0.865,1.002,0.032,0.97,0,0,1.002,Sum_D5
Catharanthus_trichophyllus,Catharanthus trichophyllus,Apocynaceae,1st,Lepidoptera,No,0.411122464,0.001,0,0.003,0.036,0,0,0.524,0.112,0.02,0,0.092,0.213,0,0,0,0,0,0,0,0,0,0,0,0,0,1,0.011,0,0.029,0.348,0,0,5.117,1.091,0.194,0,0.899,2.075,0,0,0,0,0,0,0,0,0,0,0,0,0,9.765,0.006,0,0.016,0.188,0,0,2.763,0.589,0.105,0,0.485,1.121,0,0,0,0,0,0,0,0,0,0,0,0,0,5.273,0.021,0.252,0.728,1.001,0.325,0.676,0,0,1.001,Sum_D5
Centaurea_nigra,Centaurea nigra,Asteraceae,1st,Generalist_insect,Yes,0.167269124,0.017,0,0,0.002,0.002,0,0.05,0.003,0.005,0,0.048,0,0,0,0,0,0,0,0.874,0,0,0,0,0,0,1,0.027,0,0,0.003,0.003,0,0.082,0.004,0.008,0,0.08,0,0,0,0,0,0,0,1.449,0,0,0,0,0,0,1.656,NA,NA,NA,NA,NA,NA,NA,NA,NA,NA,NA,NA,NA,NA,NA,NA,NA,NA,NA,NA,NA,NA,NA,NA,NA,NA,0.022,0.002,0.977,1.001,0.053,0.074,0.874,0,1.001,Sum_D8
Cirsium_vulgare,Cirsium vulgare,Asteraceae,1st,Generalist_insect,Yes,0.106298432,0.002,0,0,0.008,0.005,0,0.028,0,0.007,0.018,0,0,0,0,0,0,0,0,0.932,0,0,0,0,0,0,1,0.004,0,0,0.02,0.013,0,0.068,0,0.018,0.045,0,0,0,0,0,0,0,0,2.309,0,0,0,0,0,0,2.477,0.041,0,0,0.189,0.126,0,0.655,0,0.171,0.428,0,0,0,0,0,0,0,0,22.165,0,0,0,0,0,0,23.776,0.009,0.008,0.983,1,0.007,0.043,0.95,0,1,Sum_D8
Cistus_heterophyllus,Cistus x stenophyllus,Cistaceae,1st,Generalist_insect,Yes,0.326738356,0,0,0.208,0.005,0,0.239,0.004,0.539,0.005,0,0,0,0,0,0,0,0,0,0,0,0,0,0,0,0,1,0,0,1.523,0.035,0,1.751,0.031,3.939,0.034,0,0,0,0,0,0,0,0,0,0,0,0,0,0,0,0,7.313,0,0,11.88,0.276,0,13.656,0.242,30.724,0.265,0,0,0,0,0,0,0,0,0,0,0,0,0,0,0,0,57.042,0.005,0.452,0.543,1,0.005,0.756,0.239,0,1,Sum_D5
Cistus_sp.,Cistus sp.,Cistaceae,1st,Generalist_insect,Yes,0.341631982,0.002,0,0.202,0.005,0,0.272,0.008,0.506,0.005,0,0,0,0,0,0,0,0,0,0,0,0,0,0,0,0,1,0.013,0,1.218,0.031,0,1.639,0.047,3.052,0.028,0,0,0,0,0,0,0,0,0,0,0,0,0,0,0,0,6.027,0.234,0,22.733,0.575,0,30.589,0.883,56.973,0.516,0,0,0,0,0,0,0,0,0,0,0,0,0,0,0,0,112.502,0.007,0.479,0.514,1,0.005,0.723,0.272,0,1,Sum_D5
Cleistocactus_samaipatanus,Cleistocactus samaipatanus,Cactaceae,1st,Bird,No,0.23409531,0,0.001,0.832,0.005,0,0.028,0.011,0.017,0.019,0,0,0,0.048,0,0,0,0,0.029,0,0,0,0.009,0,0,0,1,0.012,0.019,24.519,0.14,0,0.823,0.33,0.514,0.567,0,0,0,1.421,0,0,0,0,0.857,0,0,0,0.253,0,0,0,29.456,0.033,0.053,69.142,0.396,0,2.321,0.932,1.449,1.599,0,0,0,4.008,0,0,0,0,2.418,0,0,0,0.714,0,0,0,83.065,0.049,0.922,0.028,0.999,0.096,0.866,0.028,0.009,0.999,Sum_D5
Clivia_caulescens,Clivia caulescens,Amaryllidaceae,1st,Bird,No,0.41599523,0.003,0,0.066,0.08,0,0,0.44,0.117,0.294,0,0,0,0,0,0,0,0,0,0,0,0,0,0,0,0,1,0.012,0,0.244,0.297,0,0,1.63,0.434,1.09,0,0,0,0,0,0,0,0,0,0,0,0,0,0,0,0,3.707,0.003,0,0.059,0.071,0,0,0.391,0.104,0.262,0,0,0,0,0,0,0,0,0,0,0,0,0,0,0,0,0.89,0.297,0.146,0.557,1,0.294,0.706,0,0,1,Sum_D5
Clivia_miniata,Clivia miniata,Amaryllidaceae,1st,Lepidoptera,No,0.271071805,0,0,0.005,0.062,0,0,0.555,0.378,0,0,0,0,0,0,0,0,0,0,0,0,0,0,0,0,0,1,0,0,0.034,0.441,0,0,3.917,2.671,0,0,0,0,0,0,0,0,0,0,0,0,0,0,0,0,0,7.063,0,0,0.057,0.75,0,0,6.658,4.541,0,0,0,0,0,0,0,0,0,0,0,0,0,0,0,0,0,12.007,0,0.067,0.933,1,0,1,0,0,1,Sum_D5
Colchicum_macrophyllum,Colchicum macrophyllum,Colchicaceae,2nd,Generalist_insect,Unkown,0.504407374,0.008,0,0.065,0.144,0.013,0.009,0.437,0.186,0.065,0,0,0,0,0.002,0,0,0.068,0,0.001,0,0,0.001,0.001,0,0,1,0.025,0,0.199,0.441,0.04,0.028,1.343,0.57,0.199,0,0,0,0,0.005,0.001,0,0.208,0,0.003,0,0,0.002,0.004,0,0,3.069,0.12,0,0.956,2.115,0.193,0.137,6.445,2.736,0.957,0,0,0,0,0.024,0.008,0,0.998,0,0.016,0,0,0.008,0.018,0,0,14.732,0.075,0.288,0.637,1,0.135,0.853,0.011,0.001,1,Sum_D5
Colchicum_speciosum,Colchicum speciosum,Colchicaceae,2nd,Generalist_insect,Unkown,0.485029972,0.012,0,0.017,0.115,0.022,0,0.476,0.117,0.15,0,0,0.001,0,0.001,0,0,0.085,0,0.003,0,0,0.001,0.001,0,0,1,0.043,0,0.051,0.364,0.072,0,1.321,0.339,0.516,0,0,0.003,0,0.002,0.001,0.001,0.219,0,0.01,0,0,0.002,0.003,0.001,0,2.947,0.049,0,0.258,1.431,0.201,0,9.233,2.036,1.13,0,0,0.011,0,0.012,0.006,0.002,1.937,0,0.005,0,0,0.019,0.009,0,0,16.339,0.163,0.22,0.618,1.001,0.237,0.759,0.004,0.001,1.001,Sum_D5
Cyclamen_africanum,Cyclamen africanum,Primulaceae,2nd,Generalist_insect,Yes,0.566421677,0.003,0,0.01,0.067,0.254,0,0.348,0,0.067,0,0.005,0.003,0,0.002,0.005,0.028,0.026,0.009,0.145,0,0,0,0.014,0.012,0.001,1,0.008,0,0.033,0.21,0.797,0,1.093,0,0.209,0,0.017,0.008,0,0.007,0.013,0.089,0.08,0.027,0.455,0,0.001,0.001,0.043,0.039,0.003,3.138,0.006,0,0.024,0.157,0.598,0,0.82,0,0.157,0,0.013,0.006,0,0.006,0.01,0.067,0.06,0.02,0.341,0,0.001,0.001,0.032,0.029,0.002,2.353,0.087,0.16,0.752,0.999,0.117,0.682,0.199,0.001,0.999,Sum_D5
Cyclamen_graecum,Cyclamen graecum,Primulaceae,2nd,Generalist_insect,Yes,0.540977234,0.01,0,0.024,0.11,0.05,0,0.534,0.02,0.081,0.012,0.004,0.006,0.002,0.001,0.024,0.016,0,0,0.035,0,0,0.055,0.008,0.008,0,1,0.013,0,0.03,0.136,0.062,0,0.658,0.024,0.1,0.015,0.005,0.007,0.002,0.001,0.03,0.019,0,0,0.043,0,0,0.068,0.01,0.01,0,1.234,0.032,0,0.074,0.341,0.155,0,1.646,0.061,0.25,0.037,0.013,0.017,0.006,0.003,0.074,0.049,0,0,0.106,0,0,0.171,0.025,0.024,0,3.085,0.116,0.229,0.655,1,0.118,0.748,0.079,0.055,1,Sum_D5
Dicentra_formosa,Dicentra formosa,Papaveraceae,1st,Bee,Yes,0.278326617,0.004,0,0.004,0.068,0,0,0.565,0.359,0,0,0,0,0,0,0,0,0,0,0,0,0,0,0,0,0,1,0.006,0,0.005,0.096,0,0,0.8,0.508,0,0,0,0,0,0,0,0,0,0,0,0,0,0,0,0,0,1.416,0.003,0,0.002,0.048,0,0,0.4,0.254,0,0,0,0,0,0,0,0,0,0,0,0,0,0,0,0,0,0.708,0.004,0.072,0.924,1,0,1,0,0,1,Sum_D5
Digitalis_purpurea,Digitalis purpurea,Plantaginaceae,1st,Bee,Yes,0.340104196,0.009,0,0.142,0.067,0.005,0,0.05,0.678,0.019,0,0,0,0,0.03,0,0,0,0,0,0,0,0,0,0,0,1,0.026,0,0.415,0.196,0.015,0,0.145,1.963,0.054,0,0,0,0,0.087,0,0,0,0,0,0,0,0,0,0,0,2.901,0.103,0,1.686,0.772,0.059,0,0.567,7.389,0.206,0,0,0,0,0.314,0,0,0,0,0,0,0,0,0,0,0,11.096,0.058,0.209,0.733,1,0.049,0.951,0,0,1,Sum_D5
Diplacus_aurantiacus,Mimulus aurantiacus,Phrymaceae,1st,Unkown,No,0.335086609,0.004,0,0.063,0.036,0,0.013,0.181,0.66,0.041,0.003,0,0,0,0,0,0,0,0,0,0,0,0,0,0,0,1,0.028,0,0.44,0.254,0,0.091,1.257,4.6,0.29,0.019,0,0,0,0,0,0,0,0,0,0,0,0,0,0,0,6.979,0.034,0,0.525,0.301,0,0.108,1.486,5.44,0.346,0.022,0,0,0,0,0,0,0,0,0,0,0,0,0,0,0,8.262,0.045,0.112,0.844,1.001,0.041,0.944,0.016,0,1.001,Sum_D5
Dipsacus_fullonum,Dipsacus fullonum,Caprifoliaceae,1st,Generalist_insect,Yes,0.414997223,0.004,0,0.462,0.148,0,0.04,0.082,0.26,0.004,0,0,0,0,0,0,0,0,0,0,0,0,0,0,0,0,1,0.008,0,1.446,0.466,0,0.094,0.262,0.82,0.009,0,0,0,0,0,0,0,0,0,0,0,0,0,0,0,0,3.107,NA,NA,NA,NA,NA,NA,NA,NA,NA,NA,NA,NA,NA,NA,NA,NA,NA,NA,NA,NA,NA,NA,NA,NA,NA,NA,0.008,0.65,0.342,1,0.004,0.956,0.04,0,1,Sum_D5
Drosera_regia,Drosera regia ,Droseraceae,1st,Generalist_insect,Unkown,0,0,0,1,0,0,0,0,0,0,0,0,0,0,0,0,0,0,0,0,0,0,0,0,0,0,1,0,0,90.934,0,0,0,0,0,0,0,0,0,0,0,0,0,0,0,0,0,0,0,0,0,0,90.934,0,0,18.187,0,0,0,0,0,0,0,0,0,0,0,0,0,0,0,0,0,0,0,0,0,0,18.187,0,1,0,1,0,1,0,0,1,Sum_D5
Echinopsis_spachiana,Echinopsis spachiana,Cactaceae,1st,Unkown,Unkown,0.102422303,0.001,0,0.939,0.002,0.003,0.014,0.002,0.006,0.001,0,0,0,0.009,0,0,0,0,0.024,0,0,0,0,0,0,0,1,0.048,0,65.293,0.147,0.194,0.97,0.165,0.389,0.088,0,0,0,0.602,0,0,0,0,1.634,0,0,0,0,0,0,0,69.53,1.195,0,1610.568,3.626,4.78,23.924,4.06,9.597,2.176,0,0,0,14.838,0,0,0,0,40.312,0,0,0,0,0,0,0,1715.075,0.026,0.964,0.011,1.001,0.034,0.953,0.014,0,1.001,Sum_D5
Epilobium_hirsutum,Epilobium hirsutum,Onagraceae,1st,Generalist_insect,Yes,0.264260512,0.003,0.001,0.622,0.016,0,0,0.027,0.327,0.004,0,0,0,0,0,0,0,0,0,0,0,0,0,0,0,0,1,0.013,0.005,2.915,0.075,0,0,0.128,1.535,0.018,0,0,0,0,0,0,0,0,0,0,0,0,0,0,0,0,4.689,0.023,0.007,5.132,0.132,0,0,0.225,2.698,0.032,0,0,0,0,0,0,0,0,0,0,0,0,0,0,0,0,8.249,0.008,0.638,0.354,1,0.004,0.996,0,0,1,Sum_D5
Eschscholzia_californica,Eschscholzia californica,Papaveraceae,1st,Generalist_insect,Yes,0.287024545,0.002,0,0.718,0.04,0.019,0,0.03,0.168,0.023,0,0,0,0,0,0,0,0,0,0,0,0,0,0,0,0,1,0.009,0,3.407,0.192,0.089,0,0.143,0.796,0.109,0,0,0,0,0,0,0,0,0,0,0,0,0,0,0,0,4.745,0.024,0,9.199,0.518,0.24,0,0.386,2.149,0.295,0,0,0,0,0,0,0,0,0,0,0,0,0,0,0,0,12.81,0.025,0.758,0.217,1,0.023,0.977,0,0,1,Sum_D5
Eucalyptus_perriniana,Eucalyptus perriniana,Myrtaceae,1st,Bee,Yes,0.079515108,0,0,0,0.018,0,0,0.943,0.037,0.002,0,0,0,0,0,0,0,0,0,0,0,0,0,0,0,0,1,0,0,0,0.143,0,0,7.546,0.297,0.019,0,0,0,0,0,0,0,0,0,0,0,0,0,0,0,0,8.006,NA,NA,NA,NA,NA,NA,NA,NA,NA,NA,NA,NA,NA,NA,NA,NA,NA,NA,NA,NA,NA,NA,NA,NA,NA,NA,0.002,0.018,0.98,1,0.002,0.998,0,0,1,Sum_D5
Euphorbia_ceratocarpa,Euphorbia ceratocarpa,Euphorbiaceae,2nd,Generalist_insect,Unkown,0.398890452,0.014,0,0,0.073,0.034,0,0.077,0,0,0.114,0,0,0,0,0,0.617,0,0,0.067,0,0,0,0.002,0.002,0,1,0.047,0,0,0.237,0.11,0,0.249,0,0,0.368,0,0,0,0,0,1.991,0,0,0.215,0,0,0,0.006,0.006,0,3.227,0.037,0,0,0.189,0.088,0,0.199,0,0,0.294,0,0,0,0,0,1.593,0,0,0.172,0,0,0,0.005,0.005,0,2.582,0.014,0.694,0.292,1,0,0.198,0.802,0,1,Sum_D7
Euphorbia_milii,Euphorbia milii splendens,Euphorbiaceae,2nd,Generalist_insect,Unkown,0.407216546,0,0,0,0.264,0.152,0,0.388,0.193,0,0,0,0.002,0,0,0,0,0,0.001,0,0,0,0,0,0,0,1,0,0,0,0.264,0.152,0,0.388,0.193,0,0,0,0.002,0,0,0,0,0,0.001,0,0,0,0,0,0,0,1,0,0,0,0.127,0.073,0,0.186,0.093,0,0,0,0.001,0,0,0,0,0,0,0,0,0,0,0,0,0,0.48,0.001,0.266,0.733,1,0.003,0.997,0,0,1,Sum_D5
Fuchsia,Fuchsia,Onagraceae,2nd,Bird,No,0.445452571,0.033,0.013,0.142,0.07,0.005,0,0.064,0.573,0.07,0,0,0,0,0.003,0.001,0.001,0.011,0,0,0,0,0.003,0.002,0,0.003,1,0.146,0.068,0.664,0.296,0.027,0,0.28,2.628,0.311,0,0,0,0,0.013,0.017,0.005,0.056,0.002,0.001,0.001,0.001,0.017,0.009,0,0.012,4.555,0.073,0.054,0.393,0.126,0.022,0,0.139,1.491,0.159,0,0,0,0,0.006,0.003,0.002,0.037,0,0,0,0,0.013,0.005,0,0.002,2.526,0.123,0.229,0.642,0.994,0.085,0.9,0.003,0.006,0.994,Sum_D5
Galanthus_reginae-olgae,Galanthus reginae-olgae,Amaryllidaceae,2nd,Generalist_insect,Unkown,0.526016196,0.011,0,0,0.058,0.02,0.058,0.053,0,0.027,0.431,0,0.001,0.007,0,0.002,0.253,0.001,0,0.061,0,0,0.001,0.007,0.008,0,1,0.014,0,0,0.072,0.024,0.079,0.074,0,0.037,0.578,0,0.001,0.008,0,0.004,0.354,0.001,0,0.083,0,0,0.001,0.011,0.011,0,1.354,0.031,0,0,0.163,0.055,0.176,0.161,0,0.084,1.31,0,0.002,0.022,0,0.007,0.76,0.002,0,0.184,0,0,0.003,0.023,0.024,0,3.008,0.04,0.394,0.565,0.999,0.038,0.142,0.818,0.001,0.999,Sum_D7
Genista_tinctoria,Genista tinctoria,Fabaceae,1st,Bee,Yes,0.380670101,0.007,0,0.017,0.111,0,0,0.416,0.402,0.028,0.019,0,0,0,0,0,0,0,0,0,0,0,0,0,0,0,1,0.027,0,0.064,0.415,0,0,1.553,1.502,0.105,0.071,0,0,0,0,0,0,0,0,0,0,0,0,0,0,0,3.738,0.007,0,0.016,0.104,0,0,0.388,0.375,0.026,0.018,0,0,0,0,0,0,0,0,0,0,0,0,0,0,0,0.934,0.035,0.128,0.837,1,0.028,0.953,0.019,0,1,Sum_D5
Geranium_renardii,Geranium renardii,Geraniaceae,1st,Generalist_insect,Yes,0.332588844,0.015,0,0.431,0.172,0,0,0.381,0,0,0,0,0,0,0,0,0,0,0,0,0,0,0,0,0,0,1,0.026,0,0.742,0.297,0,0,0.657,0,0,0,0,0,0,0,0,0,0,0,0,0,0,0,0,0,0,1.722,NA,NA,NA,NA,NA,NA,NA,NA,NA,NA,NA,NA,NA,NA,NA,NA,NA,NA,NA,NA,NA,NA,NA,NA,NA,NA,0.015,0.603,0.381,0.999,0,0.999,0,0,0.999,Sum_D5
Gesneria_ventricosa,Gesneria ventricosa,Gesneriaceae,1st,Bird,No,0.107589726,0.003,0,0.002,0.005,0.005,0,0.069,0.001,0.916,0,0,0,0,0,0,0,0,0,0,0,0,0,0,0,0,1,0.064,0,0.035,0.101,0.109,0,1.49,0.032,19.856,0,0,0,0,0,0,0,0,0,0,0,0,0,0,0,0,21.687,0.045,0,0.025,0.071,0.076,0,1.043,0.023,13.899,0,0,0,0,0,0,0,0,0,0,0,0,0,0,0,0,15.181,0.919,0.007,0.075,1.001,0.916,0.085,0,0,1.001,Sum_D0
Gladiolus_carmineus,Gladiolus carmineus,Iridaceae,2nd,Lepidoptera,No,0.598270668,0.003,0,0.194,0.025,0.009,0.008,0.063,0.053,0.003,0.164,0,0.001,0.021,0.003,0,0.352,0,0.001,0.055,0,0.001,0.001,0.021,0.02,0,1,0.01,0,0.559,0.073,0.025,0.023,0.181,0.154,0.008,0.474,0.001,0.002,0.062,0.008,0.001,1.017,0,0.002,0.159,0,0.003,0.003,0.062,0.058,0,2.885,0.035,0,2.013,0.264,0.089,0.081,0.65,0.554,0.03,1.708,0.003,0.008,0.223,0.03,0.003,3.66,0,0.005,0.573,0,0.012,0.01,0.224,0.21,0,10.386,0.011,0.643,0.344,0.998,0.03,0.347,0.62,0.001,0.998,Sum_D7
Glaucium_flavum,Glaucium flavum,Papaveraceae,1st,Bee,Yes,0.26518571,0.004,0,0.77,0.088,0.014,0.013,0.06,0.051,0,0,0,0,0,0,0,0,0,0,0,0,0,0,0,0,0,1,0.066,0,14.059,1.609,0.263,0.235,1.1,0.938,0,0,0,0,0,0,0,0,0,0,0,0,0,0,0,0,0,18.269,NA,NA,NA,NA,NA,NA,NA,NA,NA,NA,NA,NA,NA,NA,NA,NA,NA,NA,NA,NA,NA,NA,NA,NA,NA,NA,0.004,0.871,0.125,1,0,0.987,0.013,0,1,Sum_D5
Hedera_helix,Hedera helix,Araliaceae,2nd,Generalist_insect,Yes,0.641391183,0.001,0.001,0.15,0.003,0.021,0,0.028,0.014,0.047,0.029,0.068,0.008,0.005,0.028,0.008,0.224,0.006,0.005,0.314,0,0,0.003,0.028,0.007,0,1,0.012,0.01,0.697,0.022,0.255,0.001,0.757,0.166,0.759,0.656,1.627,0.187,0.074,0.588,0.232,6.211,0.092,0.023,8.584,0,0.001,0.032,0.606,0.177,0.001,21.78,NA,NA,NA,NA,NA,NA,NA,NA,NA,NA,NA,NA,NA,NA,NA,NA,NA,NA,NA,NA,NA,NA,NA,NA,NA,NA,0.09,0.434,0.474,0.998,0.175,0.218,0.602,0.003,0.998,Sum_D7
Helleborus_foetidus,Helleborus foetidus,Ranunculaceae,1st,Bee,Yes,0.308033996,0.002,0,0,0.051,0.029,0,0.422,0.49,0.007,0,0,0,0,0,0,0,0,0,0,0,0,0,0,0,0,1,0.01,0,0,0.244,0.141,0,2.053,2.375,0.037,0,0,0,0,0,0,0,0,0,0,0,0,0,0,0,0,4.86,0.043,0,0,0.992,0.568,0,8.443,9.724,0.157,0,0,0,0,0,0,0,0,0,0,0,0,0,0,0,0,19.928,0.009,0.051,0.941,1.001,0.007,0.994,0,0,1.001,Sum_D5
Helminthotheca_echioides,Helminthotheca echioides ,Asteraceae,1st,Generalist_insect,Yes,0.413373593,0.129,0,0.472,0.001,0,0.006,0.036,0.109,0.246,0,0,0,0,0,0,0,0,0,0,0,0,0,0,0,0,1,1.326,0,5.11,0.012,0,0.06,0.376,1.141,2.525,0,0,0,0,0,0,0,0,0,0,0,0,0,0,0,0,10.55,1.052,0,2.618,0.006,0,0.03,0.283,0.809,2.015,0,0,0,0,0,0,0,0,0,0,0,0,0,0,0,0,6.813,0.375,0.479,0.145,0.999,0.246,0.747,0.006,0,0.999,Sum_D5
Hemerocallis_fulva,Hemerocallis fulva,Asphodelaceae,1st 2nd,Lepidoptera,No,0.160508556,0.001,0,0.882,0.007,0,0.028,0.007,0.021,0.052,0,0,0,0,0,0,0,0.001,0,0,0,0,0,0,0,0,1,0.021,0,19.506,0.161,0.003,0.618,0.143,0.461,1.192,0,0,0,0,0,0,0,0,0,0,0,0,0,0,0,0,22.138,NA,NA,NA,NA,NA,NA,NA,NA,NA,NA,NA,NA,NA,NA,NA,NA,NA,NA,NA,NA,NA,NA,NA,NA,NA,NA,0.053,0.918,0.028,0.999,0.053,0.918,0.028,0,0.999,Sum_D5
Hibiscus_syriacus,Hibiscus syriacus,Malvaceae,2nd,Bee,Yes,0.298630718,0.002,0,0.172,0.012,0.005,0,0.049,0.024,0.712,0.004,0,0,0,0,0.004,0,0.016,0,0,0,0,0,0,0,0,1,0.024,0,2.089,0.143,0.055,0,0.598,0.289,8.638,0.049,0,0,0,0.004,0.047,0,0.195,0,0.001,0,0.002,0,0.003,0,0,12.136,0.043,0,3.759,0.258,0.1,0,1.076,0.52,15.548,0.088,0,0,0,0.007,0.085,0,0.351,0,0.001,0,0.004,0,0.005,0,0,21.844,0.718,0.2,0.082,1,0.732,0.264,0.004,0,1,Sum_D0
Hieracium_umbellatum,Hieracium umbellatum agg.,Asteraceae,1st,Generalist_insect,Yes,0.443963315,0.019,0.016,0,0.009,0,0,0.053,0.047,0.103,0.012,0,0,0,0,0.496,0,0,0,0,0.246,0,0,0,0,0,1,0.165,0.135,0,0.074,0,0,0.45,0.404,0.88,0.099,0,0,0,0,4.235,0,0,0,0,2.1,0,0,0,0,0,8.541,0.015,0.012,0,0.007,0,0,0.041,0.036,0.079,0.009,0,0,0,0,0.381,0,0,0,0,0.189,0,0,0,0,0,0.769,0.88,0.009,0.112,1.001,0.599,0.39,0.012,0,1.001,Sum_D0
Hyacinthoides_non-scripta,Hyacinthoides non-scripta,Asparagaceae,1st,Bee,Unkown,0.124014613,0.007,0,0,0.006,0.005,0,0.011,0.001,0.015,0,0,0,0,0,0.919,0,0,0,0,0,0.036,0,0,0,0,1,0.029,0,0,0.028,0.025,0,0.052,0.004,0.068,0,0,0,0,0,4.083,0,0,0,0,0,0.163,0,0,0,0,4.451,0.026,0,0,0.019,0.017,0,0.038,0.003,0.058,0,0,0,0,0,3.839,0,0,0,0,0,0.149,0,0,0,0,4.149,0.977,0.006,0.017,1,0.97,0.03,0,0,1,Sum_D0
Hymenocallis_littoralis,Hymenocallis littoralis,Amaryllidaceae,2nd,Lepidoptera,No,0.528496674,0.005,0.031,0.106,0.138,0.019,0,0.24,0.383,0.021,0,0,0.001,0.001,0.004,0.036,0.001,0.002,0.001,0,0,0,0.006,0.003,0,0,1,0.012,0.094,0.282,0.364,0.05,0,0.637,1.003,0.053,0,0,0.002,0.003,0.009,0.112,0.002,0.007,0.003,0.001,0,0,0.019,0.007,0,0,2.658,0.032,0.175,0.603,0.782,0.11,0,1.364,2.181,0.118,0,0,0.004,0.005,0.025,0.201,0.003,0.014,0.005,0.003,0,0,0.034,0.018,0,0,5.678,0.098,0.258,0.642,0.998,0.066,0.922,0.004,0.006,0.998,Sum_D5
Iris_sibirica,Iris sibirica,Iridaceae,1st,Bee,Unkown,0.257735366,0.001,0,0.008,0.005,0.005,0.008,0.018,0.097,0.77,0.087,0,0,0,0,0,0,0,0,0,0,0,0,0,0,0,1,0.011,0,0.078,0.046,0.049,0.075,0.163,0.904,7.156,0.807,0,0,0,0,0,0,0,0,0,0,0,0,0,0,0,9.289,0.027,0,0.193,0.114,0.12,0.185,0.403,2.23,17.651,1.991,0,0,0,0,0,0,0,0,0,0,0,0,0,0,0,22.914,0.771,0.021,0.207,0.999,0.77,0.134,0.095,0,0.999,Sum_D0
Jacobaea_vulgaris,Jacobaea vulgaris,Asteraceae,1st,Generalist_insect,Yes,0.238977906,0.012,0.002,0,0.055,0,0,0.076,0.012,0.005,0.033,0,0,0,0,0,0,0,0,0.805,0,0,0,0,0,0,1,0.019,0.003,0,0.084,0,0,0.121,0.018,0.007,0.046,0,0,0,0,0,0,0,0,1.27,0,0,0,0,0,0,1.568,NA,NA,NA,NA,NA,NA,NA,NA,NA,NA,NA,NA,NA,NA,NA,NA,NA,NA,NA,NA,NA,NA,NA,NA,NA,NA,0.019,0.055,0.926,1,0.005,0.157,0.838,0,1,Sum_D8
Laburnum_anagyroides,Laburnum anagyroides,Fabaceae,1st,Bee,Yes,0.144862689,0.013,0.007,0.908,0.004,0,0.017,0.017,0,0.02,0.014,0,0,0,0,0,0,0,0,0,0,0,0,0,0,0,1,0.096,0.054,6.571,0.027,0,0.125,0.122,0,0.144,0.098,0,0,0,0,0,0,0,0,0,0,0,0,0,0,0,7.238,0.008,0.005,0.575,0.002,0,0.011,0.011,0,0.013,0.009,0,0,0,0,0,0,0,0,0,0,0,0,0,0,0,0.633,0.04,0.929,0.031,1,0.02,0.949,0.031,0,1,Sum_D5
Lachenalia_ensifolia,Lachenalia ensifolia,Asparagaceae,2nd,Bee,Unkown,0.242379517,0.008,0.078,0.007,0.03,0.01,0,0.002,0,0.013,0,0,0,0,0,0.813,0,0,0,0.001,0,0.035,0,0.001,0.001,0,1,0.013,0.17,0.015,0.049,0.017,0,0.004,0,0.023,0,0,0,0.001,0,1.318,0,0,0,0.001,0,0.059,0,0.001,0.001,0,1.673,NA,NA,NA,NA,NA,NA,NA,NA,NA,NA,NA,NA,NA,NA,NA,NA,NA,NA,NA,NA,NA,NA,NA,NA,NA,NA,0.947,0.039,0.013,0.999,0.861,0.135,0.003,0,0.999,Sum_D0
Lamium_album,Lamium album,Lamiaceae,1st,Bee,Yes,0.348053016,0.054,0,0,0.044,0.014,0,0.478,0.391,0.018,0,0,0,0,0,0,0,0,0,0,0,0,0,0,0,0,1,0.164,0,0,0.143,0.054,0,1.43,1.179,0.052,0,0,0,0,0,0,0,0,0,0,0,0,0,0,0,0,3.021,0.03,0,0,0.022,0.006,0,0.273,0.219,0.011,0,0,0,0,0,0,0,0,0,0,0,0,0,0,0,0,0.56,0.072,0.044,0.883,0.999,0.018,0.981,0,0,0.999,Sum_D5
Lamium_maculatum,Lamium maculatum,Lamiaceae,1st,Bee,Yes,0.315851128,0.182,0,0,0,0,0,0.422,0.396,0,0,0,0,0,0,0,0,0,0,0,0,0,0,0,0,0,1,0.25,0,0,0,0,0,0.577,0.542,0,0,0,0,0,0,0,0,0,0,0,0,0,0,0,0,0,1.369,0.029,0,0,0,0,0,0.067,0.063,0,0,0,0,0,0,0,0,0,0,0,0,0,0,0,0,0,0.16,0.182,0,0.818,1,0,1,0,0,1,Sum_D5
Lamium_purpureum,Lamium purpureum,Lamiaceae,1st,Bee,Yes,0.384342628,0.083,0,0.082,0.065,0,0,0.532,0.238,0,0,0,0,0,0,0,0,0,0,0,0,0,0,0,0,0,1,0.121,0,0.12,0.095,0,0,0.778,0.348,0,0,0,0,0,0,0,0,0,0,0,0,0,0,0,0,0,1.463,0.004,0,0.004,0.003,0,0,0.026,0.012,0,0,0,0,0,0,0,0,0,0,0,0,0,0,0,0,0,0.049,0.083,0.147,0.77,1,0,1,0,0,1,Sum_D5
Lamprocapnos_spectabilis,Lamprocapnos spectabilis,Papaveraceae,1st,Bee,Unkown,0.269927284,0.001,0,0.001,0.031,0.005,0,0.54,0.415,0.003,0.005,0,0,0,0,0,0,0,0,0,0,0,0,0,0,0,1,0.003,0,0.004,0.105,0.017,0,1.841,1.401,0.009,0.016,0,0,0,0,0,0,0,0,0,0,0,0,0,0,0,3.397,0.002,0,0.006,0.1,0.017,0,1.768,1.376,0.008,0.015,0,0,0,0,0,0,0,0,0,0,0,0,0,0,0,3.293,0.004,0.032,0.965,1.001,0.003,0.993,0.005,0,1.001,Sum_D5
Linum_usitatissimum,Linum usitatissimum,Linaceae,1st,Generalist_insect,Unkown,0.442974641,0.026,0,0.253,0.297,0,0,0.22,0.203,0,0,0,0,0,0,0,0,0,0,0,0,0,0,0,0,0,1,0.028,0,0.277,0.324,0,0,0.24,0.222,0,0,0,0,0,0,0,0,0,0,0,0,0,0,0,0,0,1.092,0.016,0,0.157,0.184,0,0,0.136,0.126,0,0,0,0,0,0,0,0,0,0,0,0,0,0,0,0,0,0.619,0.026,0.55,0.423,0.999,0,0.999,0,0,0.999,Sum_D5
Lonicera_periclymenum,Lonicera periclymenum,Caprifoliaceae,1st,Unkown,Yes,0.422115525,0.002,0,0.462,0.073,0.001,0.077,0.079,0.292,0.014,0.001,0,0,0,0,0,0,0,0,0,0,0,0,0,0,0,1,0.015,0,2.983,0.465,0.003,0.508,0.501,1.864,0.093,0.003,0,0,0,0,0,0,0,0,0,0,0,0,0,0,0,6.434,0.022,0,4.152,0.657,0.004,0.676,0.712,2.585,0.127,0.003,0,0,0,0,0,0,0,0,0,0,0,0,0,0,0,8.939,0.016,0.612,0.373,1.001,0.014,0.909,0.078,0,1.001,Sum_D5
Ludwigia_sedoides,Ludwigia sedioides,Onagraceae,1st,Generalist_insect,Unkown,0.244453737,0,0,0.798,0.052,0.003,0.019,0.033,0.081,0.015,0,0,0,0,0,0,0,0,0,0,0,0,0,0,0,0,1,0,0,3.876,0.251,0.015,0.09,0.161,0.392,0.071,0,0,0,0,0,0,0,0,0,0,0,0,0,0,0,0,4.857,0,0,3.876,0.251,0.015,0.09,0.161,0.392,0.071,0,0,0,0,0,0,0,0,0,0,0,0,0,0,0,0,4.857,0.015,0.869,0.117,1.001,0.015,0.967,0.019,0,1.001,Sum_D5
Lupinus_polyphyllus,Lupinus polyphyllus,Fabaceae,1st,Bee,Yes,0.227462327,0,0,0,0.169,0,0,0.736,0.095,0,0,0,0,0,0,0,0,0,0,0,0,0,0,0,0,0,1,0,0,0,0.299,0,0,1.303,0.168,0,0,0,0,0,0,0,0,0,0,0,0,0,0,0,0,0,1.77,0,0,0,0.251,0,0,1.095,0.141,0,0,0,0,0,0,0,0,0,0,0,0,0,0,0,0,0,1.487,0,0.169,0.831,1,0,1,0,0,1,Sum_D5
Malus_domestica,Malus domestica,Rosaceae,1st,Generalist_insect,Yes,0.229111426,0.006,0,0.817,0.014,0.009,0.019,0.065,0.065,0.005,0,0,0,0,0,0,0,0,0,0,0,0,0,0,0,0,1,0.052,0,8.799,0.144,0.095,0.18,0.516,0.677,0.046,0,0,0,0,0,0,0,0,0,0,0,0,0,0,0,0,10.509,0.046,0,8.842,0.068,0.022,0.133,0.294,0.897,0.06,0,0,0,0,0,0,0,0,0,0,0,0,0,0,0,0,10.362,0.011,0.85,0.139,1,0.005,0.976,0.019,0,1,Sum_D5
Malva_moschata,Malva moschata ,Malvaceae,1st,Generalist_insect,Unkown,0.380747503,0.02,0.516,0.053,0.071,0,0,0.304,0.035,0.002,0,0,0,0,0,0,0,0,0,0,0,0,0,0,0,0,1,0.019,0.5,0.054,0.069,0,0,0.295,0.034,0.002,0,0,0,0,0,0,0,0,0,0,0,0,0,0,0,0,0.973,0.07,1.762,0.133,0.235,0,0,1.022,0.123,0.006,0,0,0,0,0,0,0,0,0,0,0,0,0,0,0,0,3.351,0.538,0.124,0.339,1.001,0.002,0.999,0,0,1.001,Sum_D5
Matucana_paucicostata,Matucana paucicostata,Cactaceae,1st,Bird,No,0.165066402,0,0,0.883,0.003,0,0.034,0.016,0.02,0.009,0,0,0,0,0,0,0,0,0.034,0,0,0,0,0,0,0,1,0.024,0,71.045,0.268,0,2.758,1.276,1.585,0.719,0,0,0,0,0,0,0,0,2.758,0,0,0,0,0,0,0,80.431,0.156,0,468.894,1.766,0,18.2,8.421,10.459,4.749,0,0,0,0,0,0,0,0,18.2,0,0,0,0,0,0,0,530.845,0.043,0.92,0.036,0.999,0.043,0.922,0.034,0,0.999,Sum_D5
Medicago_falcata,Medicago falcata,Fabaceae,1st,Bee,Yes,0.24327528,0.007,0,0,0.08,0,0,0.711,0.201,0,0,0,0,0,0,0,0,0,0,0,0,0,0,0,0,0,1,0.023,0,0,0.259,0,0,2.298,0.651,0,0,0,0,0,0,0,0,0,0,0,0,0,0,0,0,0,3.231,0.002,0,0,0.023,0,0,0.207,0.059,0,0,0,0,0,0,0,0,0,0,0,0,0,0,0,0,0,0.291,0.007,0.08,0.912,0.999,0,0.999,0,0,0.999,Sum_D5
Medicago_sativa,Medicago sativa,Fabaceae,1st,Bee,Yes,0.422638494,0.057,0,0,0,0,0,0.054,0,0.238,0.335,0,0,0,0,0,0,0,0,0.316,0,0,0,0,0,0,1,0.05,0,0,0,0,0,0.048,0,0.231,0.268,0,0,0,0,0,0,0,0,0.278,0,0,0,0,0,0,0.874,0.004,0,0,0,0,0,0.004,0,0.019,0.024,0,0,0,0,0,0,0,0,0.024,0,0,0,0,0,0,0.075,0.295,0,0.705,1,0.238,0.111,0.651,0,1,None
Narcissus_cavanillesii,Narcissus cavanillesii,Amaryllidaceae,2nd,Generalist_insect,Unkown,0.453767277,0.023,0,0.033,0.147,0.072,0,0.249,0.45,0.008,0,0,0,0,0.01,0,0,0,0,0,0,0,0,0.007,0,0,1,0.061,0,0.087,0.391,0.191,0,0.66,1.196,0.022,0,0,0,0.001,0.025,0,0.001,0,0,0,0,0,0,0.019,0,0,2.655,0.013,0,0.019,0.085,0.041,0,0.143,0.259,0.005,0,0,0,0,0.005,0,0,0,0,0,0,0,0,0.004,0,0,0.575,0.041,0.187,0.771,0.999,0.018,0.974,0.007,0,0.999,Sum_D5
Narcissus_pseudonarcissus,Narcissus pseudonarcissus,Amaryllidaceae,1st,Bee,No,0.371130273,0.006,0,0.009,0.068,0.026,0,0.464,0.388,0.008,0,0,0,0.032,0,0,0,0,0,0,0,0,0,0,0,0,1,0.018,0,0.026,0.212,0.081,0,1.444,1.203,0.023,0.001,0,0,0,0,0,0,0,0,0,0,0,0,0,0,0,3.109,0.08,0,0.096,0.738,0.244,0,5.867,4.642,0.101,0.006,0,0,0.399,0,0,0,0,0,0,0,0,0,0,0,0,12.174,0.014,0.109,0.878,1.001,0.04,0.961,0,0,1.001,Sum_D5
Nerine_bowdenii,Nerine bowdenii,Amaryllidaceae,2nd,Fly,No,0.423170326,0.001,0,0.59,0.009,0.002,0.018,0.021,0.153,0.089,0,0,0,0.079,0.002,0,0,0.003,0.023,0,0,0,0.007,0.001,0,0.001,1,0.014,0,7.134,0.11,0.018,0.216,0.255,1.851,1.077,0,0.002,0,0.951,0.02,0.007,0.003,0.036,0.28,0.002,0,0,0.084,0.016,0.001,0.013,12.091,0.065,0,32.105,0.496,0.083,0.971,1.147,8.33,4.848,0,0.01,0,4.281,0.089,0.024,0.012,0.162,1.258,0.008,0,0.002,0.376,0.07,0.004,0.058,54.408,0.116,0.707,0.176,0.999,0.196,0.776,0.019,0.008,0.999,Sum_D5
Nerine_humilis,Nerine humilis,Amaryllidaceae,2nd,Unkown,Unkown,0.492410486,0.002,0,0.253,0.024,0.005,0,0.056,0.448,0.019,0.002,0,0,0.107,0.03,0,0.001,0,0.029,0,0,0,0,0.022,0,0,1,0.007,0,0.801,0.076,0.015,0,0.178,1.419,0.061,0.005,0,0,0.339,0.095,0,0.002,0.001,0.093,0.001,0,0,0,0.071,0,0,3.166,0.012,0,1.372,0.131,0.025,0,0.305,2.432,0.105,0.009,0.001,0,0.581,0.164,0.001,0.003,0.001,0.159,0.002,0,0,0.001,0.121,0,0.001,5.427,0.08,0.407,0.511,0.998,0.185,0.788,0.025,0,0.998,Sum_D5
Nyctaginaceae,Nyctaginaceae,Nyctaginaceae,2nd,Unkown,Unkown,0.297548056,0.026,0.741,0.06,0.094,0.031,0,0.042,0,0,0,0.002,0,0,0,0,0.002,0,0,0.001,0,0,0,0,0,0,1,0.02,0.556,0.045,0.07,0.023,0,0.032,0,0,0,0.001,0,0,0,0,0.001,0,0,0.001,0,0,0,0,0,0,0.75,0.012,0.352,0.029,0.044,0.015,0,0.02,0,0,0,0.001,0,0,0,0,0.001,0,0,0,0,0,0,0,0,0,0.475,0.767,0.156,0.076,0.999,0.002,0.994,0.003,0,0.999,Sum_D5
Nymphaea_alexii,Nymphaea alexii,Nymphaeaceae,1st,Generalist_insect,Unkown,0.404203173,0.001,0,0.377,0.026,0.028,0.081,0.034,0.434,0.017,0.002,0,0,0,0,0,0,0,0,0,0,0,0,0,0,0,1,0.008,0,4.271,0.299,0.314,0.915,0.384,4.914,0.197,0.023,0,0,0,0,0,0,0,0,0,0,0,0,0,0,0,11.326,0.205,0,106.782,7.487,7.854,22.883,9.603,122.849,4.931,0.564,0,0,0,0,0,0,0,0,0,0,0,0,0,0,0,283.159,0.018,0.484,0.498,1,0.017,0.9,0.083,0,1,Sum_D5
Nymphaea_macrosperma,Nymphaea macrosperma,Nymphaeaceae,1st,Unkown,Unkown,0.433650346,0.005,0,0.505,0.024,0.062,0.088,0.034,0.246,0.037,0,0,0,0,0,0,0,0,0,0,0,0,0,0,0,0,1,0.041,0,4.15,0.197,0.509,0.723,0.281,2.02,0.3,0,0,0,0,0,0,0,0,0,0,0,0,0,0,0,0,8.221,0.511,0,51.877,2.46,6.367,9.036,3.507,25.247,3.755,0,0,0,0,0,0,0,0,0,0,0,0,0,0,0,0,102.761,0.042,0.617,0.342,1.001,0.037,0.876,0.088,0,1.001,Sum_D5
Nymphoides_indica,Nymphoides indica,Menyanthaceae,1st,Generalist_insect,Unkown,0.410413755,0.01,0,0,0,0,0,0,0.006,0.234,0.051,0,0,0.461,0.028,0,0,0,0,0.209,0,0,0,0,0,0,1,0.108,0,0,0,0,0,0,0.061,2.486,0.537,0,0,4.89,0.3,0,0,0,0,2.22,0,0,0,0,0,0,10.601,0.013,0,0,0,0,0,0,0.008,0.311,0.067,0,0,0.611,0.038,0,0,0,0,0.278,0,0,0,0,0,0,1.325,0.272,0.461,0.266,0.999,0.723,0.016,0.26,0,0.999,Sum_D0
Oenothera_biennis,Oenothera biennis,Onagraceae,1st,Generalist_insect,Unkown,0.066327085,0.003,0,0.962,0.005,0,0,0.011,0.007,0.012,0,0,0,0,0,0,0,0,0,0,0,0,0,0,0,0,1,0.014,0,7.224,0.075,0,0,0.057,0.037,0.06,0,0,0,0,0,0,0,0,0,0,0,0,0,0,0,0,7.467,0.015,0,19.343,0.284,0,0,0.061,0.04,0.064,0,0,0,0,0,0,0,0,0,0,0,0,0,0,0,0,19.808,0.015,0.967,0.018,1,0.012,0.988,0,0,1,Sum_D5
Oxalis_gigantea,Oxalis gigantea,Oxalidaceae,2nd,Bird,Unkown,0.454690446,0.003,0.008,0.194,0.039,0.005,0,0.154,0.5,0.038,0.001,0.001,0,0,0,0,0.001,0.045,0,0.003,0,0,0.007,0,0,0,1,0.014,0.042,1.004,0.2,0.024,0,0.795,2.585,0.197,0.006,0.003,0.002,0.001,0.001,0.002,0.004,0.23,0,0.016,0,0,0.039,0.001,0,0,5.17,0.005,0.015,0.352,0.07,0.009,0,0.278,0.905,0.069,0.002,0.001,0.001,0,0,0,0.002,0.081,0,0.006,0,0,0.014,0,0,0,1.81,0.049,0.286,0.664,0.999,0.084,0.903,0.005,0.007,0.999,Sum_D5
Paeonia_delavayi,Paeonia delavayi,Paeoniaceae,1st,Bee,Yes,0.086951839,0,0,0.947,0.014,0,0.014,0.009,0.006,0.009,0,0,0,0,0,0,0,0,0,0,0,0,0,0,0,0,1,0.002,0,8.489,0.129,0,0.122,0.083,0.055,0.08,0,0,0,0,0,0,0,0,0,0,0,0,0,0,0,0,8.96,0.076,0,268.26,4.066,0,3.855,2.62,1.751,2.519,0,0,0,0,0,0,0,0,0,0,0,0,0,0,0,0,283.147,0.009,0.975,0.015,0.999,0.009,0.976,0.014,0,0.999,Sum_D5
Paeonia_peregrina,Paeonia peregrina,Paeoniaceae,1st,Bee,Yes,0.064198253,0,0.001,0.964,0.006,0,0.012,0.004,0.003,0.01,0,0,0,0,0,0,0,0,0,0,0,0,0,0,0,0,1,0.002,0.009,12.583,0.071,0,0.154,0.052,0.046,0.124,0,0,0,0,0,0,0,0,0,0,0,0,0,0,0,0,13.04,0.157,0.837,1143.142,6.3,0,13.869,4.697,4.14,11.194,0,0,0,0,0,0,0,0,0,0,0,0,0,0,0,0,1184.336,0.011,0.982,0.007,1,0.01,0.978,0.012,0,1,Sum_D5
Papaver_pseudo-orientale,Papaver pseudo-orientale,Papaveraceae,1st,Generalist_insect,Yes,0.501877144,0.044,0.025,0.328,0.124,0.003,0.035,0.118,0.314,0.009,0.001,0,0,0,0,0,0,0,0,0,0,0,0,0,0,0,1,0.113,0.064,0.85,0.32,0.007,0.092,0.305,0.814,0.023,0.004,0,0,0,0,0,0,0,0,0,0,0,0,0,0,0,2.592,8.428,4.78,63.288,23.864,0.534,6.825,22.734,60.652,1.715,0.287,0,0,0,0,0,0,0,0,0,0,0,0,0,0,0,193.108,0.078,0.487,0.436,1.001,0.009,0.956,0.036,0,1.001,Sum_D5
Papaver_rhoeas,Papaver rhoeas,Papaveraceae,1st,Generalist_insect,Yes,0.445205317,0.087,0.009,0.461,0.059,0.002,0.024,0.056,0.288,0.014,0.001,0,0,0,0,0,0,0,0,0,0,0,0,0,0,0,1,0.581,0.057,3.066,0.391,0.011,0.16,0.372,1.916,0.096,0.005,0,0,0,0,0,0,0,0,0,0,0,0,0,0,0,6.654,4.722,0.461,24.938,3.18,0.087,1.304,3.026,15.583,0.777,0.04,0,0,0,0,0,0,0,0,0,0,0,0,0,0,0,54.118,0.11,0.544,0.347,1.001,0.014,0.962,0.025,0,1.001,Sum_D5
Parodia_schumanniana,Parodia schumanniana,Cactaceae,1st,Bee,Unkown,0.168473529,0.001,0,0.888,0.008,0,0.017,0.012,0.007,0.029,0,0,0,0.026,0,0,0,0,0,0,0,0,0.011,0,0,0,1,0.016,0,9.77,0.087,0,0.184,0.13,0.079,0.321,0,0,0,0.29,0,0,0,0,0,0,0,0,0.12,0,0,0,10.997,0.169,0,100.952,0.904,0,1.896,1.34,0.818,3.316,0,0,0,2.997,0,0,0,0,0,0,0,0,1.24,0,0,0,113.631,0.03,0.95,0.019,0.999,0.055,0.916,0.017,0.011,0.999,Sum_D5
Penstemon,Penstemon,Plantaginaceae,1st,Bee,Unkown,0.360807584,0.018,0,0,0,0,0,0.226,0.582,0.105,0,0,0,0,0.045,0,0,0,0,0,0,0,0.024,0,0,0,1,0.069,0,0,0,0,0,0.717,2.452,0.571,0,0,0,0,0.25,0,0,0,0,0,0,0,0.13,0,0,0,4.189,0.045,0,0,0,0,0,0.363,1.799,0.509,0,0,0,0,0.225,0,0,0,0,0,0,0,0.117,0,0,0,3.058,0.168,0.024,0.808,1,0.15,0.826,0,0.024,1,Sum_D5
Petrocosmea,Petrocosmea,Gesneriaceae,2nd,Unkown,Unkown,0.370320425,0.004,0,0.005,0.057,0.022,0,0.692,0.115,0.018,0.002,0,0.001,0,0.034,0.001,0.001,0.008,0,0.001,0,0,0.015,0.025,0,0,1,0.008,0,0.011,0.13,0.049,0,1.586,0.263,0.041,0.006,0,0.002,0,0.078,0.003,0.001,0.018,0,0.001,0,0,0.035,0.057,0,0,2.292,0.012,0,0.016,0.187,0.071,0,2.273,0.378,0.058,0.008,0,0.003,0.001,0.111,0.004,0.002,0.025,0,0.002,0,0,0.05,0.083,0.001,0,3.285,0.057,0.112,0.832,1.001,0.062,0.895,0.029,0.015,1.001,Sum_D5
Petrocosmea_cryptica,Petrocosmea cryptica,Gesneriaceae,2nd,Unkown,Unkown,0.450898148,0.056,0,0.293,0.046,0.021,0,0.053,0.477,0.024,0,0,0,0,0.013,0,0.001,0.004,0,0,0,0,0.002,0.01,0,0,1,0.079,0,0.414,0.065,0.03,0,0.075,0.675,0.034,0,0,0,0,0.019,0,0.001,0.006,0,0,0,0,0.002,0.014,0,0,1.415,0.057,0,0.298,0.047,0.022,0,0.054,0.486,0.024,0,0,0,0,0.014,0,0.001,0.005,0,0,0,0,0.002,0.01,0,0,1.019,0.093,0.356,0.551,1,0.041,0.946,0.011,0.002,1,Sum_D5
Phacelia_tanacetifolia,Phacelia tanacetifolia,Boraginaceae,1st,Bee,Yes,0.425632623,0.009,0,0.066,0.013,0.008,0,0.044,0.437,0.093,0,0,0,0,0,0,0,0,0,0,0,0,0.33,0,0,0,1,0.029,0,0.204,0.039,0.023,0,0.135,1.342,0.286,0,0,0,0,0,0,0,0,0,0,0,0,1.013,0,0,0,3.07,0.01,0,0.073,0.014,0.008,0,0.048,0.483,0.103,0,0,0,0,0,0,0,0,0,0,0,0,0.365,0,0,0,1.105,0.102,0.409,0.489,1,0.093,0.577,0,0.33,1,Sum_D5
Philadelphus,Philadelphus,Hydrangeaceae,1st,Bee,Unkown,0.424077491,0,0,0,0,0,0,0.146,0,0.253,0.02,0,0,0,0.202,0,0.379,0,0,0,0,0,0,0,0,0,1,0,0,0,0,0,0,0.027,0,0.047,0.004,0,0,0,0.038,0,0.071,0,0,0,0,0,0,0,0,0,0.187,0,0,0,0,0,0,0.036,0,0.063,0.005,0,0,0,0.051,0,0.095,0,0,0,0,0,0,0,0,0,0.25,0.455,0.379,0.166,1,0.455,0.146,0.399,0,1,None
Phlomis_fruticosa,Phlomis fruticosa,Lamiaceae,1st,Bee,Yes,0.253981591,0.008,0,0.006,0.027,0.003,0,0.645,0.31,0.001,0,0,0,0,0,0,0,0,0,0,0,0,0,0,0,0,1,0.037,0,0.028,0.123,0.016,0,2.971,1.429,0.003,0,0,0,0,0,0,0,0,0,0,0,0,0,0,0,0,4.606,0.061,0,0.046,0.201,0.026,0,4.853,2.333,0.004,0,0,0,0,0,0,0,0,0,0,0,0,0,0,0,0,7.524,0.009,0.033,0.958,1,0.001,0.999,0,0,1,Sum_D5
Pinus_ayacahuite,Pinus ayacahuite,Pinaceae,1st,Wind,No,0.2564703,0,0,0,0.228,0.048,0,0.695,0.029,0.001,0,0,0,0,0,0,0,0,0,0,0,0,0,0,0,0,1,0,0,0,0.147,0.03,0,0.451,0.016,0.001,0,0,0,0,0,0,0,0,0,0,0,0,0,0,0,0,0.646,0,0,0,0.996,0.205,0,3.045,0.114,0.008,0,0,0,0,0,0,0,0,0,0,0,0,0,0,0,0,4.368,0.001,0.228,0.772,1.001,0.001,1,0,0,1.001,Sum_D5
Plectranthus_ernstii,Plectranthus ernstii,Lamiaceae,2nd,Generalist_insect,Yes,0.406950838,0.003,0,0.565,0.078,0.006,0.171,0.045,0.114,0.009,0,0,0,0,0.001,0.002,0.001,0,0.001,0,0,0,0,0.001,0,0,1,0.019,0,3.11,0.432,0.036,0.943,0.25,0.626,0.048,0,0,0,0,0.006,0.013,0.006,0,0.003,0.001,0,0,0.002,0.004,0,0.001,5.503,0.002,0,0.295,0.041,0.003,0.09,0.024,0.059,0.005,0,0,0,0,0.001,0.001,0.001,0,0,0,0,0,0,0,0,0,0.523,0.016,0.816,0.165,0.997,0.013,0.811,0.173,0,0.997,Sum_D5
Polemonium_caeruleum,Polemonium caeruleum,Polemoniaceae,1st,Bee,Unkown,0.479283828,0.001,0,0,0.003,0.001,0,0.017,0.001,0.175,0.076,0,0,0,0,0,0.175,0,0,0.386,0,0,0.167,0,0,0,1,0.011,0,0,0.029,0.01,0,0.17,0.006,1.817,0.788,0,0,0,0,0,1.827,0,0,4.017,0,0,1.737,0,0,0,10.412,0.003,0,0,0.008,0.003,0,0.039,0.002,0.483,0.211,0,0,0,0,0,0.485,0,0,1.066,0,0,0.462,0,0,0,2.761,0.176,0.345,0.481,1.002,0.175,0.023,0.637,0.167,1.002,None
Primula_verticillata,Primula verticillata,Primulaceae,2nd,Lepidoptera,No,0.517746459,0.007,0.014,0,0.038,0.024,0,0.069,0,0.509,0.022,0,0,0.001,0.013,0.001,0.002,0.118,0,0.147,0,0,0.007,0.019,0.01,0,1,0.041,0.079,0,0.221,0.142,0,0.397,0,2.942,0.125,0,0,0.003,0.074,0.009,0.01,0.685,0,0.852,0,0,0.039,0.109,0.056,0,5.785,0.004,0.008,0,0.022,0.014,0,0.04,0,0.294,0.013,0,0,0,0.007,0.001,0.001,0.068,0,0.085,0,0,0.004,0.011,0.006,0,0.578,0.544,0.195,0.262,1.001,0.642,0.152,0.2,0.007,1.001,Sum_D0
Prunus_avium,Prunus avium,Rosaceae,1st,Generalist_insect,Yes,0.179097705,0.001,0,0.863,0.003,0.002,0.011,0.063,0.026,0.031,0,0,0,0,0,0,0,0,0,0,0,0,0,0,0,0,1,0.009,0,11.33,0.048,0.022,0.144,0.838,0.342,0.408,0.001,0,0,0,0,0,0,0,0,0,0,0,0,0,0,0,13.142,0.002,0,3.138,0.006,0.003,0.036,0.174,0.083,0.082,0,0,0,0,0,0,0,0,0,0,0,0,0,0,0,0,3.525,0.032,0.877,0.091,1,0.031,0.958,0.011,0,1,Sum_D5
Prunus_spinosa,Prunus spinosa,Rosaceae,1st,Generalist_insect,Yes,0.283560328,0,0,0.719,0.075,0.025,0,0.136,0.045,0,0,0,0,0,0,0,0,0,0,0,0,0,0,0,0,0,1,0,0,9.709,0.967,0.319,0,1.778,0.619,0,0,0,0,0,0,0,0,0,0,0,0,0,0,0,0,0,13.391,0,0,1.679,0.164,0.052,0,0.311,0.111,0,0,0,0,0,0,0,0,0,0,0,0,0,0,0,0,0,2.317,0,0.794,0.206,1,0,1,0,0,1,Sum_D5
Pulmonaria_officinalis,Pulmonaria officinalis,Boraginaceae,1st,Bee,Yes,0.299970572,0.03,0,0.707,0.11,0.026,0,0.114,0.012,0,0,0,0,0,0,0,0,0,0,0,0,0,0,0,0,0,1,0.302,0,7.371,1.237,0.304,0,1.254,0.099,0,0,0,0,0,0,0,0,0,0,0,0,0,0,0,0,0,10.567,0.076,0,1.896,0.334,0.084,0,0.335,0.021,0,0,0,0,0,0,0,0,0,0,0,0,0,0,0,0,0,2.745,0.03,0.817,0.152,0.999,0,0.999,0,0,0.999,Sum_D5
Rhodendron,Rhodendrum,Ericaceae,1st,Bee,Yes,0.133106946,0.007,0,0,0.049,0.021,0,0.901,0,0.021,0,0,0,0,0,0,0,0,0,0,0,0,0,0,0,0,1,0.002,0,0,0.014,0.006,0,0.25,0,0.006,0,0,0,0,0,0,0,0,0,0,0,0,0,0,0,0,0.278,NA,NA,NA,NA,NA,NA,NA,NA,NA,NA,NA,NA,NA,NA,NA,NA,NA,NA,NA,NA,NA,NA,NA,NA,NA,NA,0.028,0.049,0.922,0.999,0.021,0.978,0,0,0.999,Sum_D5
Romneya_coulteri,Romneya coulteri,Papaveraceae,1st,Bee,Yes,0.375614461,0.018,0.01,0.282,0.041,0.005,0.011,0.055,0.562,0.014,0.002,0,0,0,0,0,0,0,0,0,0,0,0,0,0,0,1,0.081,0.048,1.293,0.187,0.022,0.052,0.254,2.579,0.064,0.009,0,0,0,0,0,0,0,0,0,0,0,0,0,0,0,4.589,2.043,1.216,32.749,4.73,0.557,1.33,6.444,65.322,1.628,0.235,0,0,0,0,0,0,0,0,0,0,0,0,0,0,0,116.255,0.042,0.334,0.624,1,0.014,0.973,0.013,0,1,Sum_D5
Rubus_fruticosus,Rubus fruticosus,Rosaceae,1st,Generalist_insect,Yes,0.373383075,0.005,0.573,0.243,0.013,0.03,0,0.09,0.038,0.008,0,0,0,0,0,0,0,0,0,0,0,0,0,0,0,0,1,0.004,0.422,0.179,0.009,0.022,0,0.066,0.028,0.006,0,0,0,0,0,0,0,0,0,0,0,0,0,0,0,0,0.736,0.018,2.045,0.868,0.045,0.107,0,0.32,0.136,0.028,0,0,0,0,0,0,0,0,0,0,0,0,0,0,0,0,3.568,0.586,0.256,0.158,1,0.008,0.992,0,0,1,Sum_D5
Salix_cinerea,Salix cinerea,Salicaceae,1st,Generalist_insect,Yes,0.348488042,0,0,0,0.033,0.004,0,0.59,0.205,0.145,0.007,0,0,0,0.015,0,0,0,0,0,0,0,0,0,0,0,1,0.001,0,0.004,0.362,0.043,0,6.31,2.272,1.552,0.071,0,0,0,0.157,0,0,0,0,0,0,0,0,0,0,0,10.772,0.002,0,0.012,1.717,0.176,0,31.341,10.866,9.064,0.381,0,0,0,0.778,0,0,0,0,0,0,0,0,0,0,0,54.336,0.16,0.033,0.806,0.999,0.16,0.832,0.007,0,0.999,Sum_D5
Salvia_darcyi,Salvia darcyi,Lamiaceae,2nd,Bee,Unkown,0.374696011,0.012,0,0.26,0.06,0.009,0.038,0.036,0.011,0.571,0.001,0,0,0,0,0,0,0,0,0,0,0,0,0,0,0,1,0.063,0,1.418,0.327,0.05,0.207,0.193,0.061,3.118,0.004,0,0.002,0,0,0.002,0,0.002,0,0.002,0,0,0.001,0,0,0,5.45,0.006,0,0.139,0.032,0.005,0.02,0.019,0.006,0.305,0,0,0,0,0,0,0,0,0,0,0,0,0,0,0,0,0.535,0.583,0.358,0.057,0.998,0.571,0.388,0.039,0,0.998,Sum_D0
Salvia_koyamae,Salvia koyamae,Lamiaceae,2nd,Bee,Unkown,0.565158279,0.007,0.024,0.083,0.075,0.013,0.037,0.149,0.439,0.01,0.12,0,0.001,0,0.003,0.004,0.001,0.002,0,0.022,0,0,0.001,0.006,0.004,0,1,0.016,0.066,0.209,0.178,0.031,0.089,0.356,1.042,0.026,0.284,0.001,0.001,0,0.009,0.006,0.001,0.007,0,0.051,0,0,0.001,0.014,0.009,0,2.398,NA,NA,NA,NA,NA,NA,NA,NA,NA,NA,NA,NA,NA,NA,NA,NA,NA,NA,NA,NA,NA,NA,NA,NA,NA,NA,0.048,0.21,0.743,1.001,0.02,0.79,0.19,0.001,1.001,Sum_D5
Sambucus_nigra,Sambucus nigra,Adoxaceae,1st,Thrips,No,0.281925123,0.005,0,0,0.168,0.021,0,0.711,0.069,0.026,0,0,0,0,0,0,0,0,0,0,0,0,0,0,0,0,1,0.013,0,0,0.45,0.057,0,1.841,0.176,0.066,0,0,0,0,0,0,0,0,0,0,0,0,0,0,0,0,2.602,NA,NA,NA,NA,NA,NA,NA,NA,NA,NA,NA,NA,NA,NA,NA,NA,NA,NA,NA,NA,NA,NA,NA,NA,NA,NA,0.031,0.168,0.801,1,0.026,0.974,0,0,1,Sum_D5
Schlumbergera_truncata,Schlumbergera truncata,Cactaceae,2nd,Bird,No,0.355225547,0,0,0.684,0,0,0.013,0.007,0.043,0.119,0.001,0,0,0.053,0,0,0,0.006,0.053,0,0,0,0.019,0,0,0.001,1,0,0,26.281,0,0,0.491,0.267,1.667,4.574,0.022,0.002,0.005,2.021,0.016,0.011,0.009,0.247,2.022,0.007,0,0.001,0.726,0.015,0.003,0.021,38.422,0,0,152.43,0,0,2.848,1.549,9.67,26.528,0.13,0.013,0.032,11.724,0.091,0.098,0.054,1.434,11.73,0.043,0,0.007,4.21,0.087,0.02,0.123,222.849,0.173,0.775,0.051,0.999,0.231,0.734,0.014,0.02,0.999,Sum_D5
Scilla_madeirensis,Scilla madeirensis,Asparagaceae,2nd,Unkown,Unkown,0.118099016,0.005,0,0,0,0.008,0,0.006,0,0.038,0,0,0,0.001,0.001,0.926,0.001,0,0,0,0,0.011,0.001,0.002,0.001,0,1,0.014,0,0,0,0.021,0,0.015,0,0.104,0,0,0,0.003,0.003,2.54,0.002,0.001,0.001,0,0,0.028,0.003,0.004,0.002,0.001,2.741,NA,NA,NA,NA,NA,NA,NA,NA,NA,NA,NA,NA,NA,NA,NA,NA,NA,NA,NA,NA,NA,NA,NA,NA,NA,NA,0.981,0.006,0.014,1.001,0.977,0.019,0.004,0.001,1.001,Sum_D0
Silene_dioica,Silene dioica,Caryophyllaceae,1st,Generalist_insect,Unkown,0.338914723,0,0,0,0,0,0,0.003,0,0.301,0.03,0,0,0,0.049,0,0,0,0,0.612,0,0,0.005,0,0,0,1,0.002,0.001,0,0,0,0,0.026,0,3.259,0.327,0,0,0,0.519,0,0,0,0,6.594,0,0,0.053,0,0,0,10.78,0.001,0.001,0,0,0,0,0.019,0,2.526,0.259,0,0,0,0.387,0,0,0,0,5.004,0,0,0.04,0,0,0,8.238,0.35,0.005,0.645,1,0.35,0.003,0.642,0.005,1,Sum_D8
Solanum_dulcamara,Solanum dulcamara,Solanaceae,1st,Bee,Yes,0.45018205,0.027,0,0,0.03,0.023,0,0.336,0.384,0.088,0,0,0,0,0.113,0,0,0,0,0,0,0,0,0,0,0,1,0.041,0,0,0.046,0.035,0,0.515,0.587,0.134,0,0,0,0,0.173,0,0,0,0,0,0,0,0,0,0,0,1.531,0.022,0,0,0.025,0.019,0,0.277,0.31,0.068,0,0,0,0,0.091,0,0,0,0,0,0,0,0,0,0,0,0.812,0.228,0.03,0.743,1.001,0.201,0.8,0,0,1.001,Sum_D5
Sternbergia_sicula,Sternbergia sicula,Amaryllidaceae,3rd,Generalist_insect,Unkown,0.486056479,0.004,0,0.034,0.084,0.007,0.013,0.172,0.447,0.209,0.006,0.002,0.001,0,0.006,0,0.002,0.006,0,0.003,0,0,0.002,0.004,0,0,1,0.015,0,0.13,0.325,0.028,0.052,0.663,1.759,0.768,0.026,0.012,0.004,0.001,0.022,0,0.008,0.019,0.001,0.015,0,0,0.007,0.016,0,0,3.871,0.026,0,0.23,0.571,0.048,0.095,1.168,3.078,1.383,0.046,0.02,0.008,0.002,0.038,0,0.015,0.034,0.001,0.028,0,0,0.012,0.029,0.001,0,6.833,0.219,0.146,0.637,1.002,0.224,0.748,0.028,0.002,1.002,Sum_D5
Strelitzia_reginae,Strelitzia reginae,Strelitziaceae,1st,Bird,No,0.370837496,0.003,0,0.12,0.024,0.02,0.009,0.196,0.6,0.025,0.004,0,0,0,0,0,0,0,0,0,0,0,0,0,0,0,1,0.005,0,0.184,0.037,0.03,0.013,0.301,0.921,0.038,0.006,0,0,0,0,0,0,0,0,0,0,0,0,0,0,0,1.536,0.251,0,8.916,1.791,1.451,0.635,14.55,44.521,1.823,0.284,0,0,0,0,0,0,0,0,0,0,0,0,0,0,0,74.221,0.028,0.153,0.82,1.001,0.025,0.963,0.013,0,1.001,Sum_D5
Symphytum_officinale,Symphytum officinale,Boraginaceae,1st,Bee,Yes,0.219318107,0.006,0.769,0.184,0.013,0.003,0,0.016,0.008,0,0,0,0,0,0,0,0,0,0,0,0,0,0,0,0,0,1,0.047,5.528,1.255,0.113,0.037,0,0.149,0.069,0.004,0,0,0,0,0,0,0,0,0,0,0,0,0,0,0,0,7.203,NA,NA,NA,NA,NA,NA,NA,NA,NA,NA,NA,NA,NA,NA,NA,NA,NA,NA,NA,NA,NA,NA,NA,NA,NA,NA,0.775,0.197,0.027,0.999,0,0.999,0,0,0.999,Sum_D5
Symphytum_uplandicum,Symphytum uplandicum,Boraginaceae,1st,Bee,Yes,0.179438639,0.003,0.847,0.112,0.006,0,0,0.006,0.007,0,0,0,0,0.009,0,0,0,0,0.011,0,0,0,0,0,0,0,1,0.021,6.745,0.892,0.044,0,0,0.047,0.054,0,0,0,0,0.07,0,0,0,0,0.09,0,0,0,0,0,0,0,7.963,NA,NA,NA,NA,NA,NA,NA,NA,NA,NA,NA,NA,NA,NA,NA,NA,NA,NA,NA,NA,NA,NA,NA,NA,NA,NA,0.861,0.127,0.013,1.001,0.02,0.981,0,0,1.001,Sum_D5
Tanacetum_vulgare,Tanacetum vulgare,Asteraceae,1st,Generalist_insect,Yes,0.257922966,0.008,0,0,0,0,0,0.066,0.009,0.019,0,0.158,0,0,0,0,0,0,0,0.74,0,0,0,0,0,0,1,0.008,0,0,0,0,0,0.065,0.009,0.019,0,0.155,0,0,0,0,0,0,0,0.729,0,0,0,0,0,0,0.986,NA,NA,NA,NA,NA,NA,NA,NA,NA,NA,NA,NA,NA,NA,NA,NA,NA,NA,NA,NA,NA,NA,NA,NA,NA,NA,0.027,0,0.973,1,0.177,0.083,0.74,0,1,Sum_D8
Taraxacum_officinale,Taraxacum officinale,Asteraceae,1st,Generalist_insect,Yes,0.341865711,0.003,0,0.003,0.011,0.015,0.005,0.035,0.059,0.17,0.028,0,0,0,0,0.672,0,0,0,0,0,0,0,0,0,0,1,0.041,0,0.03,0.161,0.228,0.089,0.52,0.874,2.946,0.463,0,0,0,0,10.178,0,0,0,0,0,0,0,0,0,0,15.53,0.029,0,0.043,0.099,0.152,0.052,0.349,0.618,1.729,0.304,0,0,0,0,7.116,0,0,0,0,0,0,0,0,0,0,10.492,0.845,0.019,0.137,1.001,0.842,0.126,0.033,0,1.001,Sum_D0
Tilia_tomentosa,Tilia tomentosa,Malvaceae,1st,Bee,Yes,0.331392242,0.005,0,0.012,0.046,0.009,0,0.589,0.292,0.043,0,0,0,0,0.004,0,0,0,0,0,0,0,0,0,0,0,1,0.022,0,0.052,0.2,0.039,0,2.55,1.262,0.186,0,0,0,0,0.018,0,0,0,0,0,0,0,0,0,0,0,4.33,0.023,0,0.055,0.211,0.041,0,2.686,1.33,0.196,0,0,0,0,0.019,0,0,0,0,0,0,0,0,0,0,0,4.561,0.052,0.058,0.89,1,0.047,0.953,0,0,1,Sum_D5
Trifolium_pratense,Trifolium pratense,Fabaceae,1st,Bee,Yes,0.282871816,0.031,0,0.634,0,0,0,0.068,0.268,0,0,0,0,0,0,0,0,0,0,0,0,0,0,0,0,0,1,0.148,0,3.075,0,0,0,0.33,1.298,0,0,0,0,0,0,0,0,0,0,0,0,0,0,0,0,0,4.851,0.003,0,0.061,0,0,0,0.007,0.026,0,0,0,0,0,0,0,0,0,0,0,0,0,0,0,0,0,0.097,0.031,0.634,0.336,1.001,0,1.001,0,0,1.001,Sum_D5
Ulex_europaeus,Ulex europaeus,Fabaceae,1st,Bee,Yes,0.388033898,0.001,0,0.019,0.178,0.042,0,0.4,0.357,0.004,0,0,0,0,0,0,0,0,0,0,0,0,0,0,0,0,1,0.006,0,0.191,1.381,0.329,0,3.285,3.158,0.041,0,0,0,0,0,0,0,0,0,0,0,0,0,0,0,0,8.393,0.001,0,0.051,0.293,0.068,0,0.727,0.748,0.011,0,0,0,0,0,0,0,0,0,0,0,0,0,0,0,0,1.899,0.005,0.197,0.799,1.001,0.004,0.997,0,0,1.001,Sum_D5
Verbascum_arcturus,Verbascum arcturus,Scrophulariaceae,2nd,Generalist_insect,Unkown,0.45538619,0.003,0.338,0.108,0.009,0.017,0.002,0.018,0.014,0.05,0,0,0,0.001,0.001,0.001,0,0.003,0.007,0,0.005,0,0.421,0.001,0,0,1,0.03,3.705,1.187,0.095,0.188,0.027,0.193,0.149,0.548,0.005,0.001,0.003,0.006,0.011,0.011,0.003,0.036,0.08,0.003,0.051,0,4.61,0.008,0,0.003,10.95,0.022,2.667,0.854,0.069,0.136,0.019,0.139,0.107,0.394,0.003,0.001,0.002,0.004,0.008,0.008,0.002,0.026,0.057,0.002,0.037,0,3.319,0.006,0,0.002,7.884,0.405,0.545,0.049,0.999,0.063,0.512,0.003,0.421,0.999,Sum_D5
Weigela,Weigela,Caprifoliaceae,1st,Bee,Yes,0.367551566,0.008,0,0.068,0.043,0,0.012,0.257,0.576,0.033,0.004,0,0,0,0,0,0,0,0,0,0,0,0,0,0,0,1,0.032,0,0.289,0.183,0,0.05,1.101,2.467,0.141,0.015,0,0,0,0,0,0,0,0,0,0,0,0,0,0,0,4.278,0.056,0,0.616,0.392,0,0.109,2.388,5.41,0.314,0.032,0,0,0,0,0,0,0,0,0,0,0,0,0,0,0,9.318,0.041,0.123,0.837,1.001,0.033,0.952,0.016,0,1.001,Sum_D5
